Customer_ID,Total_Orders,Total_Sales,Total_Profit,Cluster
CUST1001,4,117344.0,18801.36,1
CUST1002,5,121895.5,19260.93,1
CUST1003,3,163329.0,29778.300000000003,1
CUST1004,6,110779.5,17129.32,1
CUST1005,8,293824.0,46022.96,2
CUST1006,3,46897.5,8126.55,3
CUST1007,8,190966.0,30166.12,2
CUST1008,2,12436.0,2037.3600000000001,3
CUST1009,4,74824.0,13284.119999999999,3
CUST1010,2,171795.0,30290.4,1
CUST1011,3,160440.0,27064.82,1
CUST1012,6,264317.0,46687.71000000001,2
CUST1013,3,76147.0,13272.150000000001,3
CUST1014,3,66510.0,10161.0,3
CUST1015,4,186030.5,31810.67,1
CUST1016,8,121423.0,19705.3,1
CUST1017,7,208534.5,34803.69,2
CUST1018,5,269255.0,45279.22,2
CUST1019,4,114836.5,17838.87,1
CUST1020,6,146894.5,25211.78,1
CUST1021,5,178397.5,32526.07,2
CUST1022,6,129486.0,20389.75,1
CUST1023,4,25932.5,5522.37,3
CUST1024,11,204938.5,34525.47,2
CUST1025,9,181271.5,30042.98,2
CUST1026,7,145086.0,23792.75,1
CUST1027,4,104694.0,16521.16,1
CUST1028,4,83497.5,13088.28,3
CUST1029,2,24336.0,3979.8,3
CUST1030,5,308136.5,54394.68,0
CUST1031,7,235734.0,38637.56,2
CUST1032,2,26404.0,3817.7,3
CUST1033,7,59559.5,9783.83,1
CUST1034,5,59718.5,9690.15,1
CUST1035,3,35327.0,5707.67,3
CUST1036,2,46280.0,6479.200000000001,3
CUST1037,8,81850.0,13712.81,1
CUST1038,9,233312.5,38725.54,2
CUST1039,3,47600.0,7488.16,3
CUST1040,7,79019.5,14484.67,1
CUST1041,3,103645.5,17709.62,3
CUST1042,8,162339.5,26581.68,2
CUST1043,9,133551.5,22815.42,2
CUST1044,5,44794.0,7579.67,3
CUST1045,1,2337.0,490.77,3
CUST1046,5,60859.0,10218.720000000001,1
CUST1047,5,92091.5,14686.64,1
CUST1048,6,145503.0,25362.06,1
CUST1049,5,56232.0,9701.64,1
CUST1050,4,120475.0,21226.690000000002,1
CUST1051,5,98798.0,15481.28,1
CUST1052,10,228627.0,36763.63,2
CUST1053,7,99631.0,15444.33,1
CUST1054,5,49041.0,8852.210000000001,1
CUST1055,4,26419.0,4818.23,3
CUST1056,4,55638.5,10203.36,3
CUST1057,5,165647.5,29266.84,1
CUST1058,4,71327.0,11291.27,3
CUST1059,7,278421.5,46918.6,2
CUST1060,3,36912.5,5916.75,3
CUST1061,1,53900.0,8624.0,3
CUST1062,2,53120.0,8499.2,3
CUST1063,4,104709.0,15526.529999999999,1
CUST1064,6,219721.0,38354.03,2
CUST1065,5,170049.0,28477.819999999996,1
CUST1066,5,218479.0,35891.12,2
CUST1067,3,78391.0,12062.720000000001,3
CUST1068,5,102723.0,16435.65,1
CUST1069,3,194329.5,34180.79,1
CUST1070,8,74958.0,12186.65,1
CUST1071,1,21913.0,3506.08,3
CUST1072,5,358945.5,62498.28999999999,0
CUST1073,11,319967.0,57026.13,0
CUST1074,6,229757.0,37357.2,2
CUST1075,7,260949.0,44538.51,2
CUST1076,5,172723.0,27381.309999999998,1
CUST1077,8,235442.0,40963.159999999996,2
CUST1078,5,56530.0,9344.79,1
CUST1079,2,21929.0,4149.92,3
CUST1080,5,75841.5,12456.42,1
CUST1081,7,340173.5,55331.03,0
CUST1082,7,309366.0,52563.170000000006,0
CUST1083,4,97487.5,17035.64,1
CUST1084,5,184878.0,33287.92,2
CUST1085,2,87647.0,14613.09,3
CUST1086,6,99564.0,16075.49,1
CUST1087,8,209134.0,34641.83,2
CUST1088,5,54268.0,8705.08,1
CUST1089,3,79048.0,12220.72,3
CUST1090,7,193541.5,34001.21,2
CUST1091,6,176375.0,29071.54,2
CUST1092,1,1120.0,235.2,3
CUST1093,5,200921.0,34225.16,2
CUST1094,9,229144.5,37943.33,2
CUST1095,9,93664.5,15020.01,1
CUST1096,3,80190.5,13235.109999999999,3
CUST1097,6,150330.0,23788.04,1
CUST1098,2,10934.0,1915.98,3
CUST1099,6,80694.5,13515.04,1
CUST1100,5,147036.0,24741.9,1
CUST1101,4,114809.5,18806.86,1
CUST1102,4,46670.0,7660.1,3
CUST1103,8,346560.0,59396.61,0
CUST1104,5,108709.0,18649.239999999998,1
CUST1105,5,115112.0,18005.16,1
CUST1106,10,233246.5,38430.6,2
CUST1107,3,27058.0,4593.0,3
CUST1108,4,87400.0,14642.150000000001,1
CUST1109,4,68846.0,11070.91,3
CUST1110,14,296674.0,49048.6,0
CUST1111,2,67998.0,11172.66,3
CUST1112,3,45301.0,7604.21,3
CUST1113,8,316020.5,56649.06,0
CUST1114,2,35336.0,5420.86,3
CUST1115,4,373683.0,67190.85,0
CUST1116,2,16849.5,2582.06,3
CUST1117,5,77945.0,13252.11,1
CUST1118,10,233063.0,36954.03,2
CUST1119,12,159461.5,25437.53,2
CUST1120,8,109015.0,16928.66,1
CUST1121,5,35713.5,6055.18,3
CUST1122,4,63092.0,10733.0,3
CUST1123,5,113167.5,18638.84,1
CUST1124,7,241928.5,41024.189999999995,2
CUST1125,4,220584.0,37409.84,2
CUST1126,5,116816.5,21752.73,1
CUST1127,5,121865.0,19748.62,1
CUST1128,7,247691.5,40324.259999999995,2
CUST1129,12,138846.0,22765.48,2
CUST1130,4,104716.0,17525.18,1
CUST1131,3,92834.0,16079.24,3
CUST1132,7,132654.5,21499.29,1
CUST1133,5,148043.5,24692.16,1
CUST1134,6,158739.0,24457.02,1
CUST1135,3,80952.0,14292.96,3
CUST1136,5,233458.0,40543.95,2
CUST1137,2,55467.0,8193.78,3
CUST1138,4,251020.0,44404.16,2
CUST1139,3,39952.0,6585.22,3
CUST1140,6,76253.0,12735.28,1
CUST1141,1,92320.0,13848.0,3
CUST1142,7,215245.0,36573.51,2
CUST1143,6,123051.5,21472.26,1
CUST1144,4,96763.0,15443.56,1
CUST1145,4,62663.0,9914.98,3
CUST1146,4,44352.5,6565.77,3
CUST1147,3,124421.5,22155.199999999997,1
CUST1148,5,91501.5,16030.26,1
CUST1149,7,288897.0,45089.71,2
CUST1152,10,224047.0,35777.11,2
CUST1153,4,68368.0,10137.24,3
CUST1154,3,48261.0,7587.83,3
CUST1155,4,184229.0,30814.050000000003,1
CUST1156,8,212141.0,33090.74,2
CUST1157,6,47668.0,8576.77,1
CUST1158,2,19673.0,3098.17,3
CUST1159,5,45383.0,7940.8099999999995,3
CUST1160,5,82532.5,14515.009999999998,1
CUST1161,4,87164.5,12625.400000000001,3
CUST1162,4,34316.5,6289.3,3
CUST1163,5,181172.0,31027.27,2
CUST1164,4,254861.0,45458.93,2
CUST1165,3,34188.0,5449.68,3
CUST1166,4,20272.0,3723.61,3
CUST1167,7,138662.0,21649.54,1
CUST1168,5,88195.5,15449.26,1
CUST1169,4,93862.5,16014.82,1
CUST1170,4,184457.0,32947.71,1
CUST1171,3,39492.0,6511.98,3
CUST1172,5,61585.0,9376.689999999999,1
CUST1173,3,114372.5,16497.35,3
CUST1174,2,8007.0,1742.16,3
CUST1175,6,237457.0,36630.19,2
CUST1176,3,52253.5,7541.93,3
CUST1177,6,133156.5,21560.65,1
CUST1178,7,89451.0,13897.57,1
CUST1179,5,144583.5,25654.14,1
CUST1180,11,370754.0,62679.979999999996,0
CUST1181,11,144256.5,22691.100000000002,2
CUST1182,4,45854.0,7892.26,3
CUST1183,2,73825.0,10914.05,3
CUST1184,2,13041.5,2141.6400000000003,3
CUST1185,3,75510.0,11472.48,3
CUST1186,6,93902.0,15117.23,1
CUST1187,4,53396.0,8404.06,3
CUST1188,7,220655.0,37043.55,2
CUST1189,10,202617.0,31735.09,2
CUST1190,3,56997.5,9626.26,3
CUST1191,9,193097.0,31001.969999999998,2
CUST1192,4,42732.0,6842.4,3
CUST1193,7,226951.0,36430.56,2
CUST1194,5,183266.5,29270.16,1
CUST1195,4,57500.0,8575.220000000001,3
CUST1196,4,56247.0,8456.78,3
CUST1197,5,53908.5,8000.41,1
CUST1198,9,123540.5,19782.97,1
CUST1199,4,115419.0,18480.09,1
CUST1200,5,107624.0,17297.36,1
CUST1201,7,194473.5,31352.14,2
CUST1202,5,107585.5,18553.09,1
CUST1203,6,252428.5,44366.44,2
CUST1204,5,142481.0,24286.76,1
CUST1205,4,81083.5,13838.960000000001,3
CUST1206,5,84902.5,13333.26,1
CUST1207,11,173480.5,28638.05,2
CUST1208,7,160910.0,25871.89,2
CUST1209,4,40032.0,6063.5,3
CUST1210,5,121400.5,20116.57,1
CUST1211,6,111524.5,19236.21,1
CUST1212,7,182982.0,28426.09,2
CUST1214,7,129546.5,20963.99,1
CUST1215,6,294899.0,50744.52,2
CUST1216,5,210352.0,32948.35,2
CUST1217,7,165179.0,25763.940000000002,2
CUST1218,6,65377.0,10230.44,1
CUST1219,6,150430.5,24504.579999999998,1
CUST1220,5,63594.0,10454.54,1
CUST1221,8,244964.5,39959.560000000005,2
CUST1222,5,126150.0,20307.36,1
CUST1223,5,124729.5,21514.81,1
CUST1224,2,31147.0,5157.67,3
CUST1225,3,20259.0,4372.24,3
CUST1226,4,75050.0,11302.81,3
CUST1227,4,77841.0,12668.95,3
CUST1228,6,148679.0,24659.870000000003,1
CUST1229,3,154800.0,28340.280000000002,1
CUST1230,9,155660.0,24776.43,2
CUST1231,8,146851.0,21943.19,2
CUST1232,6,158558.0,25122.55,1
CUST1233,11,349956.0,57846.2,0
CUST1234,2,9159.5,1587.5,3
CUST1235,4,81297.0,13202.85,3
CUST1236,4,119217.5,19859.23,1
CUST1237,3,120671.5,20264.85,3
CUST1238,7,171203.5,27641.149999999998,2
CUST1239,11,269752.5,44602.450000000004,2
CUST1240,4,44283.5,7108.33,3
CUST1241,3,71278.0,10760.75,3
CUST1242,4,175607.5,30183.3,1
CUST1243,1,6462.0,969.3,3
CUST1244,4,109912.5,17398.82,1
CUST1245,6,95266.0,15718.619999999999,1
CUST1246,9,252269.0,41202.85,2
CUST1247,9,250093.0,38675.87,2
CUST1248,5,125992.0,19539.93,1
CUST1249,2,151408.0,24562.960000000003,3
CUST1250,5,161824.5,24412.84,1
CUST1251,4,67884.5,11351.92,3
CUST1252,5,83249.5,13343.279999999999,1
CUST1253,2,203439.0,35421.42,1
CUST1254,3,35899.0,5605.4400000000005,3
CUST1255,3,244866.0,42354.84,2
CUST1256,2,21873.0,3597.91,3
CUST1258,6,119778.0,18031.71,1
CUST1259,6,152151.5,26720.03,1
CUST1260,8,95107.0,15252.470000000001,1
CUST1261,8,120552.0,19283.84,1
CUST1262,6,242282.0,43487.619999999995,2
CUST1263,1,17000.0,3740.0,3
CUST1264,1,55062.0,8809.92,3
CUST1265,4,141182.0,21597.6,1
CUST1266,6,408808.5,70955.92,0
CUST1267,5,97877.0,15211.36,1
CUST1268,5,122647.0,19448.02,1
CUST1269,6,203372.5,34200.619999999995,2
CUST1270,5,104263.5,16998.42,1
CUST1271,2,38622.0,5407.08,3
CUST1272,7,126919.0,20222.6,1
CUST1273,3,400813.0,70592.76,0
CUST1274,6,209872.0,32621.440000000002,2
CUST1275,2,35016.0,5531.88,3
CUST1276,3,51025.0,8429.94,3
CUST1277,2,14217.0,2477.65,3
CUST1278,8,326368.5,57431.45,0
CUST1279,7,109977.5,17817.81,1
CUST1280,5,63015.5,10708.21,1
CUST1281,6,167246.5,26767.21,1
CUST1282,5,90946.0,14667.35,1
CUST1283,6,264780.0,45690.78,2
CUST1284,4,112950.0,17636.7,1
CUST1285,6,199118.0,32187.2,2
CUST1286,8,284477.5,48662.71,2
CUST1287,2,2929.0,597.4100000000001,3
CUST1288,6,103463.5,16845.379999999997,1
CUST1289,3,103531.0,15236.07,3
CUST1290,2,12578.0,2309.2599999999998,3
CUST1291,4,146015.0,22451.16,1
CUST1292,5,156222.5,23913.16,1
CUST1293,5,119385.0,19376.43,1
CUST1294,6,129152.0,19881.84,1
CUST1295,3,107077.0,19441.35,3
CUST1296,8,125880.5,21372.45,1
CUST1297,4,27635.0,5022.87,3
CUST1298,5,349829.5,61526.969999999994,0
CUST1299,4,58452.0,9312.24,3
CUST1300,6,139675.5,24845.57,1
CUST1301,6,192547.0,33373.59,2
CUST1302,5,63340.0,11192.369999999999,1
CUST1303,2,23240.5,3553.9,3
CUST1304,6,269582.0,46173.28,2
CUST1305,3,60297.5,9088.63,3
CUST1306,3,65459.0,12073.62,3
CUST1307,9,196616.5,31147.22,2
CUST1308,5,237483.5,42171.409999999996,2
CUST1309,5,238711.0,39818.36,2
CUST1310,5,91312.5,15002.68,1
CUST1311,3,71760.0,12202.8,3
CUST1312,4,134278.0,22816.49,1
CUST1313,1,28462.0,4553.92,3
CUST1314,5,228741.0,35606.34,2
CUST1315,3,52081.5,9608.25,3
CUST1316,9,154973.0,25909.57,2
CUST1317,5,69154.0,11416.2,1
CUST1318,6,106614.0,16071.049999999997,1
CUST1319,7,128419.5,21539.7,1
CUST1320,3,32691.0,5433.37,3
CUST1321,4,191871.5,30839.329999999998,1
CUST1322,6,126770.0,20128.65,1
CUST1323,6,177092.5,27540.019999999997,2
CUST1324,6,120860.5,21720.32,1
CUST1325,4,80408.0,14265.22,3
CUST1326,5,30699.0,5266.889999999999,3
CUST1327,8,160520.5,27982.600000000002,2
CUST1328,4,165490.0,23727.2,1
CUST1329,9,170488.5,26183.18,2
CUST1330,6,130698.5,21196.97,1
CUST1331,5,178821.0,32376.160000000003,2
CUST1332,8,217209.5,35179.09,2
CUST1333,2,25231.0,3646.1000000000004,3
CUST1334,1,147345.0,26522.1,3
CUST1335,4,97384.0,15613.41,1
CUST1336,8,232987.0,38611.01,2
CUST1337,3,315876.0,54860.93,0
CUST1338,6,70584.0,11240.49,1
CUST1339,7,169072.5,28505.69,2
CUST1340,4,246238.5,38680.48,2
CUST1341,8,471596.0,80417.91,0
CUST1342,5,293455.0,49307.47,2
CUST1343,7,101621.5,16332.32,1
CUST1344,4,42255.0,6959.79,3
CUST1345,6,137040.0,23875.64,1
CUST1346,6,94965.5,16651.1,1
CUST1347,5,141156.5,21355.24,1
CUST1348,5,85267.5,15387.15,1
CUST1349,4,210949.0,34986.75,2
CUST1350,7,372569.0,64649.4,0
CUST1351,3,150781.0,23943.82,1
CUST1352,3,96703.0,15798.14,3
CUST1353,5,356472.0,62338.64,0
CUST1354,4,42735.5,6632.4400000000005,3
CUST1355,4,49435.0,7696.79,3
CUST1356,2,22155.0,3624.6,3
CUST1357,6,88114.0,14281.74,1
CUST1358,8,307139.0,49159.28999999999,2
CUST1359,6,75827.0,12327.54,1
CUST1360,4,70107.0,11399.1,3
CUST1361,5,99192.0,16577.24,1
CUST1362,1,2380.0,476.0,3
CUST1363,7,202812.0,33486.25,2
CUST1364,4,71153.0,12910.300000000001,3
CUST1365,1,1592.0,318.4,3
CUST1366,2,50620.0,8215.300000000001,3
CUST1367,6,349495.0,60711.78,0
CUST1368,6,49923.0,8293.21,1
CUST1369,6,115977.0,18930.42,1
CUST1370,4,218171.5,38322.43,2
CUST1371,7,175476.5,29397.71,2
CUST1372,10,609081.5,98313.45,0
CUST1373,8,251615.0,43588.36,2
CUST1374,5,169688.0,25436.82,1
CUST1375,3,101771.5,15265.720000000001,3
CUST1376,7,119484.5,21016.86,1
CUST1377,8,132210.5,21080.67,1
CUST1378,5,53965.0,8960.36,1
CUST1379,8,116216.5,17977.56,1
CUST1380,7,348422.0,57700.43,0
CUST1381,3,70278.0,10784.52,3
CUST1382,3,144048.0,24448.32,1
CUST1383,4,52978.5,8273.380000000001,3
CUST1384,7,143684.0,23215.01,1
CUST1385,8,129691.0,20874.670000000002,1
CUST1386,3,137718.0,20793.8,1
CUST1387,7,104149.0,16713.18,1
CUST1388,4,120052.5,20447.97,1
CUST1389,7,146374.0,22169.84,1
CUST1390,5,321324.5,57453.52,0
CUST1391,2,29213.0,4733.48,3
CUST1392,3,31254.5,5414.530000000001,3
CUST1393,4,88300.5,15164.77,1
CUST1394,5,126213.0,18995.04,1
CUST1395,7,165757.0,25287.530000000002,2
CUST1396,6,55248.0,9127.42,1
CUST1397,3,24273.0,4040.64,3
CUST1398,7,132563.5,21032.129999999997,1
CUST1399,6,229205.5,39795.060000000005,2
CUST1400,3,31126.0,5349.48,3
CUST1401,6,94711.0,14569.86,1
CUST1402,1,3230.0,710.6,3
CUST1403,4,114620.0,19531.1,1
CUST1404,10,239641.0,39156.61,2
CUST1405,6,112375.0,18466.51,1
CUST1406,6,116806.0,19261.0,1
CUST1407,3,125081.0,22719.31,1
CUST1408,4,57209.0,9412.14,3
CUST1409,6,181948.0,30019.98,2
CUST1410,2,61009.0,11057.62,3
CUST1411,5,157417.5,26453.58,1
CUST1412,2,4002.5,820.48,3
CUST1413,4,16190.5,3004.7200000000003,3
CUST1414,2,21270.0,3463.7,3
CUST1415,4,79614.0,12336.03,3
CUST1416,7,345302.0,58746.34,0
CUST1417,6,109075.0,17892.920000000002,1
CUST1418,3,207114.5,35859.39,1
CUST1419,8,632348.0,108162.26000000001,0
CUST1420,3,192700.5,34351.56,1
CUST1421,2,100168.0,15238.759999999998,3
CUST1422,6,131094.5,19891.62,1
CUST1423,4,56424.0,9926.52,3
CUST1424,1,36198.0,5429.7,3
CUST1425,5,294891.0,52002.65,2
CUST1426,3,224168.0,40432.68,2
CUST1427,2,114266.0,20258.82,3
CUST1428,3,49738.5,7882.5599999999995,3
CUST1429,10,252947.5,43243.020000000004,2
CUST1430,7,202713.0,31933.76,2
CUST1431,5,115653.5,20069.59,1
CUST1432,7,67332.0,11804.699999999999,1
CUST1433,5,10345.0,2091.69,3
CUST1434,4,111774.0,20184.120000000003,1
CUST1435,9,200175.5,32842.91,2
CUST1436,3,87357.0,13307.85,3
CUST1437,7,113426.5,18156.19,1
CUST1438,9,148038.0,23038.97,2
CUST1439,11,349503.5,61130.76,0
CUST1440,4,201010.0,33293.64,2
CUST1441,5,186671.0,31339.77,2
CUST1442,9,114571.0,19760.28,1
CUST1443,5,133038.0,21069.29,1
CUST1444,6,198150.5,33380.61,2
CUST1445,2,26724.0,4389.84,3
CUST1446,2,65953.5,10517.78,3
CUST1447,6,117758.5,18738.35,1
CUST1448,5,45515.0,6932.79,3
CUST1449,3,66901.5,10659.24,3
CUST1450,2,99721.0,15955.36,3
CUST1451,8,155287.5,24743.83,2
CUST1452,6,368396.5,63822.89,0
CUST1453,3,70827.5,11443.55,3
CUST1454,2,55871.0,10115.34,3
CUST1456,2,178632.5,32198.5,1
CUST1457,2,25214.0,3529.96,3
CUST1458,2,109105.5,16591.26,3
CUST1459,3,62644.0,9622.52,3
CUST1460,7,161705.5,28037.56,2
CUST1461,4,221349.5,37127.36,2
CUST1462,5,46875.0,7836.51,3
CUST1463,7,99352.0,15866.880000000001,1
CUST1464,10,449370.0,78126.15,0
CUST1465,2,17181.0,2634.48,3
CUST1466,5,111707.5,18086.28,1
CUST1467,12,279022.5,45726.94,2
CUST1468,6,382630.0,66060.22,0
CUST1469,4,63066.0,9803.7,3
CUST1470,2,15241.0,2599.04,3
CUST1471,5,223591.0,40354.97,2
CUST1472,4,93313.5,14896.400000000001,1
CUST1473,2,7398.0,1510.38,3
CUST1474,3,112680.0,19934.4,3
CUST1475,10,186579.0,32748.92,2
CUST1476,5,88043.0,13575.25,1
CUST1477,4,63171.0,10887.42,3
CUST1478,10,308545.0,48478.37,0
CUST1479,2,113410.5,17174.79,3
CUST1480,5,124898.5,22126.0,1
CUST1481,6,204847.5,35639.630000000005,2
CUST1482,2,28480.0,4074.0,3
CUST1483,5,204585.0,32365.47,2
CUST1484,7,111639.5,17754.22,1
CUST1485,1,2196.0,461.16,3
CUST1486,6,101371.5,16340.220000000001,1
CUST1487,6,138990.0,24213.64,1
CUST1488,2,71386.5,12302.599999999999,3
CUST1489,4,143400.0,22215.02,1
CUST1490,8,594586.0,103380.66,0
CUST1491,6,170843.0,25950.26,1
CUST1492,6,207049.5,35677.62,2
CUST1493,5,322442.5,53670.06999999999,0
CUST1494,7,141655.0,23251.65,1
CUST1495,7,445306.0,78248.06999999999,0
CUST1496,7,147931.5,26437.53,2
CUST1497,5,81319.0,14013.49,1
CUST1498,3,67789.0,11873.279999999999,3
CUST1499,8,235760.0,39476.07,2
CUST1500,5,190823.0,32186.350000000002,2
CUST1501,5,79408.0,12007.43,1
CUST1502,5,54154.0,8559.17,1
CUST1503,5,108787.0,17229.36,1
CUST1504,7,97958.0,15906.18,1
CUST1505,2,111004.0,19778.8,3
CUST1506,7,116610.0,17208.17,1
CUST1507,8,235092.5,39448.54,2
CUST1508,10,179485.5,30649.0,2
CUST1509,5,201135.5,31581.579999999998,2
CUST1510,6,156065.0,25130.93,1
CUST1511,4,49220.5,8760.94,3
CUST1512,1,167490.0,30148.2,3
CUST1513,4,117115.0,18479.85,1
CUST1514,3,85642.5,12526.89,3
CUST1515,8,437323.0,73545.09,0
CUST1516,8,100730.0,16159.18,1
CUST1517,10,220185.0,37600.39,2
CUST1518,5,39124.5,6406.679999999999,3
CUST1519,8,104360.0,17172.71,1
CUST1520,7,159153.0,26169.06,2
CUST1521,9,239802.0,36916.88,2
CUST1522,3,15264.0,2790.0,3
CUST1523,4,154705.0,26883.82,1
CUST1524,9,235721.5,41302.29,2
CUST1525,7,85903.0,13145.73,1
CUST1526,5,150780.0,23591.96,1
CUST1527,3,60660.0,9829.0,3
CUST1528,2,47532.0,7683.84,3
CUST1529,4,154243.0,24263.7,1
CUST1530,6,261145.5,44030.47,2
CUST1531,9,175026.5,30683.299999999996,2
CUST1532,5,116402.0,18103.89,1
CUST1533,3,57491.5,9562.78,3
CUST1534,8,305567.5,48827.33,2
CUST1535,5,111496.0,17993.23,1
CUST1536,4,244539.0,39015.95,2
CUST1537,6,215595.0,36793.43,2
CUST1538,7,318544.0,55687.84,0
CUST1539,2,64300.0,9212.7,3
CUST1540,4,114966.5,17959.54,1
CUST1541,11,194264.0,30193.68,2
CUST1542,2,28543.0,4140.01,3
CUST1543,3,58601.0,9578.75,3
CUST1544,6,183444.5,33124.060000000005,2
CUST1545,1,27315.0,4370.4,3
CUST1546,3,77830.5,12954.8,3
CUST1547,7,108073.0,17906.32,1
CUST1548,6,74181.0,13311.8,1
CUST1549,4,129337.5,19898.34,1
CUST1550,5,158911.0,25714.79,1
CUST1551,2,101324.0,15062.56,3
CUST1552,3,57293.0,9250.02,3
CUST1553,1,42347.0,7622.46,3
CUST1554,7,140612.0,22672.4,1
CUST1555,5,239616.5,39398.130000000005,2
CUST1556,8,230928.0,37377.979999999996,2
CUST1557,4,108163.0,17030.58,1
CUST1558,6,164871.0,28776.55,2
CUST1559,9,396081.0,65666.94,0
CUST1560,6,203178.5,30171.640000000003,2
CUST1561,5,93212.5,14366.939999999999,1
CUST1562,5,189710.5,33870.05,2
CUST1563,4,120811.0,19604.24,1
CUST1564,4,35910.0,6484.51,3
CUST1565,7,270812.0,42119.15,2
CUST1566,6,238145.5,39547.95,2
CUST1567,5,213509.5,37798.39,2
CUST1568,5,239343.5,41893.18,2
CUST1569,4,56590.5,9647.74,3
CUST1570,8,121840.0,20518.01,1
CUST1571,5,67897.5,11456.45,1
CUST1572,6,74442.0,12049.2,1
CUST1573,5,177447.0,31041.739999999998,1
CUST1574,6,48599.0,8002.94,1
CUST1575,4,90930.0,14125.52,1
CUST1576,4,45741.0,8271.84,3
CUST1577,3,36606.0,6268.62,3
CUST1578,5,85713.5,14441.960000000001,1
CUST1579,3,28486.5,4472.0599999999995,3
CUST1580,3,95032.0,15073.0,3
CUST1581,10,133742.0,22100.55,2
CUST1582,4,78000.0,11729.4,3
CUST1583,7,79699.5,13039.67,1
CUST1584,6,128720.0,19990.32,1
CUST1585,3,54178.5,8197.32,3
CUST1586,4,42738.5,7055.26,3
CUST1587,6,60202.5,9132.42,1
CUST1588,4,136526.0,23939.94,1
CUST1590,3,39218.5,6982.5599999999995,3
CUST1591,4,101382.5,16439.95,1
CUST1592,7,194650.0,30390.75,2
CUST1593,2,14878.0,2399.66,3
CUST1594,2,56677.0,9159.71,3
CUST1595,5,111926.5,16654.55,1
CUST1596,5,192467.5,33112.61,2
CUST1597,3,30365.0,5974.4,3
CUST1598,6,58645.0,9679.26,1
CUST1599,7,178495.0,28929.18,2
CUST1600,8,245478.0,41925.0,2
CUST1601,8,130417.0,20782.36,1
CUST1602,5,120293.0,21683.559999999998,1
CUST1603,8,256336.5,44466.12,2
CUST1604,4,181901.0,28309.82,1
CUST1605,5,111969.0,18860.620000000003,1
CUST1606,5,177171.5,28079.260000000002,1
CUST1607,7,128248.0,20592.66,1
CUST1608,2,3629.0,762.09,3
CUST1609,5,277170.0,44512.979999999996,2
CUST1610,2,70242.0,11679.869999999999,3
CUST1611,7,128899.0,21102.760000000002,1
CUST1612,3,72089.0,12190.55,3
CUST1613,4,56658.0,9109.86,3
CUST1614,3,78570.0,12085.17,3
CUST1615,7,260381.0,47343.81,2
CUST1616,8,177792.0,28175.33,2
CUST1617,6,245867.0,41806.25,2
CUST1618,10,145080.5,23804.46,2
CUST1619,5,206936.0,36180.159999999996,2
CUST1620,6,77347.5,12880.35,1
CUST1621,3,77412.0,11904.24,3
CUST1622,5,92990.0,15275.25,1
CUST1623,8,151490.5,24431.78,2
CUST1624,2,16944.0,2656.3,3
CUST1625,7,152524.5,24935.94,1
CUST1626,4,85724.5,14921.330000000002,1
CUST1627,8,194671.0,30913.36,2
CUST1628,4,294081.0,52389.48,2
CUST1629,4,59247.0,9121.36,3
CUST1630,3,16661.0,3125.3500000000004,3
CUST1631,3,59932.5,8513.099999999999,3
CUST1632,4,118526.0,20232.46,1
CUST1633,9,474648.5,79106.67,0
CUST1634,3,80549.0,14022.240000000002,3
CUST1635,7,103919.0,17670.73,1
CUST1636,2,10995.0,1955.5500000000002,3
CUST1637,5,63817.5,10854.67,1
CUST1638,4,248522.0,43476.22,2
CUST1639,9,199298.5,33474.76,2
CUST1640,6,135539.0,20928.29,1
CUST1641,3,16813.0,2675.71,3
CUST1642,4,50371.5,7957.599999999999,3
CUST1643,5,150357.0,23824.93,1
CUST1644,3,75410.0,11554.5,3
CUST1645,2,99553.5,14933.03,3
CUST1646,8,233215.0,35947.7,2
CUST1647,3,67938.5,11091.55,3
CUST1648,4,125872.5,21621.98,1
CUST1649,8,210232.5,31435.260000000002,2
CUST1650,3,32950.0,5438.05,3
CUST1651,2,46400.0,6634.0,3
CUST1652,1,5967.0,1193.4,3
CUST1653,3,45586.0,6590.380000000001,3
CUST1654,10,240841.5,38977.46,2
CUST1655,3,111368.5,18310.46,3
CUST1656,3,326932.0,56396.76,0
CUST1657,4,86418.0,14608.58,1
CUST1658,4,404019.0,70448.32,0
CUST1659,1,50930.0,9167.4,3
CUST1660,3,31160.0,5460.6,3
CUST1661,5,58648.5,9785.77,1
CUST1662,5,208632.0,34660.840000000004,2
CUST1663,4,150886.0,27680.07,1
CUST1664,4,72407.0,10985.31,3
CUST1665,5,120433.5,21862.9,1
CUST1666,5,200883.0,35688.69,2
CUST1667,6,72851.0,10969.72,1
CUST1668,4,94585.5,16290.26,1
CUST1669,3,70764.0,11093.1,3
CUST1670,6,210218.0,35376.26,2
CUST1671,4,257910.0,45387.020000000004,2
CUST1672,5,239592.0,41744.17,2
CUST1673,6,60865.5,9627.630000000001,1
CUST1674,5,116756.0,19088.7,1
CUST1675,3,105995.5,17150.8,3
CUST1676,2,70661.0,10443.92,3
CUST1677,2,12335.0,2055.6,3
CUST1678,5,441288.0,76794.34,0
CUST1679,4,55530.0,8436.99,3
CUST1680,2,52031.5,7804.72,3
CUST1681,3,135192.5,20144.239999999998,1
CUST1682,7,178500.5,27743.48,2
CUST1683,9,363235.0,63478.4,0
CUST1684,3,52886.5,8027.5,3
CUST1685,4,73858.5,10594.710000000001,3
CUST1686,8,226733.0,37166.130000000005,2
CUST1687,2,89234.5,14277.52,3
CUST1688,4,145813.0,22565.38,1
CUST1689,5,77825.5,11983.83,1
CUST1690,6,320100.5,56418.66,0
CUST1691,7,242847.5,40526.59,2
CUST1692,4,31926.0,5527.83,3
CUST1693,5,252350.0,44390.44,2
CUST1694,3,102913.0,15436.94,3
CUST1695,2,98770.0,15803.199999999999,3
CUST1696,3,78394.0,12621.7,3
CUST1697,6,80632.5,13798.86,1
CUST1698,4,176243.0,28052.22,1
CUST1699,7,126492.5,20776.85,1
CUST1700,4,168795.0,26790.989999999998,1
CUST1701,4,355170.5,61122.74999999999,0
CUST1702,3,76944.0,11177.25,3
CUST1703,8,323781.0,54680.77,0
CUST1704,5,61649.0,9236.39,1
CUST1705,5,300806.0,50110.69,2
CUST1706,4,88094.5,15273.619999999999,1
CUST1707,5,131794.5,22347.88,1
CUST1708,2,60584.0,9951.56,3
CUST1709,5,45403.0,7441.08,3
CUST1710,5,68895.5,10622.47,1
CUST1711,3,44165.5,7242.139999999999,3
CUST1712,2,6948.5,1111.8799999999999,3
CUST1713,6,95688.0,15704.9,1
CUST1714,1,3213.0,674.73,3
CUST1715,6,175687.5,26844.67,2
CUST1716,3,80166.0,14016.22,3
CUST1717,4,96984.5,16016.650000000001,1
CUST1718,4,126132.0,18716.42,1
CUST1719,4,134037.0,20680.25,1
CUST1720,7,76700.5,11860.3,1
CUST1721,3,38642.0,6633.84,3
CUST1722,8,198982.0,31046.050000000003,2
CUST1723,6,71674.5,11049.7,1
CUST1724,6,105598.5,16007.79,1
CUST1725,2,71771.0,11832.82,3
CUST1726,4,206166.5,32694.989999999998,2
CUST1727,7,182384.0,29457.9,2
CUST1728,3,149161.0,25080.39,1
CUST1729,5,82570.5,13068.58,1
CUST1730,2,33806.5,5634.200000000001,3
CUST1731,3,74934.0,11963.34,3
CUST1732,8,169126.0,26444.0,2
CUST1733,11,598251.5,103424.15999999999,0
CUST1734,7,176118.0,27923.1,2
CUST1735,4,79912.0,11701.67,3
CUST1736,10,582062.0,102819.48,0
CUST1737,7,145077.5,22885.44,1
CUST1738,5,62240.5,10704.699999999999,1
CUST1739,7,205675.0,36027.49,2
CUST1740,6,91792.0,14173.84,1
CUST1741,1,9120.0,1550.4,3
CUST1742,3,68568.5,10445.439999999999,3
CUST1743,2,23238.0,4245.66,3
CUST1744,7,139426.0,24231.89,1
CUST1745,4,84860.0,12895.960000000001,3
CUST1746,2,83877.0,14761.259999999998,3
CUST1747,2,15372.0,2487.6,3
CUST1748,6,226668.5,37931.04,2
CUST1749,9,208387.0,35793.65,2
CUST1750,7,117228.5,18831.37,1
CUST1751,1,2232.0,468.72,3
CUST1752,5,84638.5,14830.31,1
CUST1753,4,58543.0,9901.84,3
CUST1754,4,51500.0,7976.17,3
CUST1755,1,8293.5,1409.9,3
CUST1756,5,118175.5,19185.760000000002,1
CUST1757,5,30323.0,5739.59,3
CUST1758,10,343412.5,60520.649999999994,0
CUST1759,9,92255.5,16451.920000000002,1
CUST1760,6,142179.5,22534.32,1
CUST1761,5,232383.0,39265.28,2
CUST1762,5,115534.5,20043.72,1
CUST1763,6,113472.5,20924.55,1
CUST1764,6,132953.0,22097.97,1
CUST1765,5,80919.5,12955.64,1
CUST1766,6,89640.5,16301.46,1
CUST1767,5,234233.0,37964.06,2
CUST1768,7,332047.5,56354.0,0
CUST1769,4,107949.0,16751.21,1
CUST1770,4,77171.0,11661.16,3
CUST1771,5,127870.0,19212.65,1
CUST1772,4,32856.5,5776.29,3
CUST1773,9,337009.5,59798.63,0
CUST1774,7,254433.5,43189.6,2
CUST1775,9,289719.5,46342.47,2
CUST1776,5,147721.0,25407.89,1
CUST1777,4,191874.0,33307.020000000004,1
CUST1778,6,157553.5,26442.63,1
CUST1779,1,1035.0,217.35,3
CUST1780,2,58995.0,10690.92,3
CUST1781,9,572366.5,97001.82,0
CUST1782,2,27935.5,5515.63,3
CUST1783,1,28481.0,3987.34,3
CUST1784,8,50872.5,9726.94,1
CUST1785,5,264744.5,46887.25,2
CUST1786,9,322081.0,56354.86,0
CUST1787,4,220286.0,34163.66,2
CUST1788,2,63202.0,11183.46,3
CUST1789,5,104140.0,17098.25,1
CUST1790,4,73571.5,11454.74,3
CUST1791,6,156788.0,25637.46,1
CUST1792,7,131010.0,23620.120000000003,1
CUST1793,3,82720.0,12808.2,3
CUST1794,6,255793.0,43822.75,2
CUST1795,3,39816.5,6029.27,3
CUST1796,6,62823.0,9979.72,1
CUST1797,6,62823.0,10589.03,1
CUST1798,8,258984.5,46625.05,2
CUST1799,2,10460.0,2196.6,3
CUST1800,5,118215.0,18486.14,1
CUST1801,6,104346.5,17019.43,1
CUST1802,3,61774.5,9937.12,3
CUST1803,4,79780.0,12105.000000000002,3
CUST1804,6,213095.5,35493.189999999995,2
CUST1805,6,453151.0,80665.01000000001,0
CUST1806,1,104526.0,18814.68,3
CUST1807,3,126151.5,21933.86,1
CUST1808,3,44889.5,6769.8099999999995,3
CUST1809,3,173299.0,27727.84,1
CUST1810,6,204106.0,35548.170000000006,2
CUST1811,5,388512.0,66860.03,0
CUST1812,5,77633.0,12683.18,1
CUST1813,4,92511.5,15407.17,1
CUST1814,6,127560.0,21039.809999999998,1
CUST1815,4,105182.5,16930.72,1
CUST1816,8,78068.0,12508.14,1
CUST1818,7,130140.0,20391.21,1
CUST1819,4,50798.5,8003.76,3
CUST1820,6,248425.0,44142.740000000005,2
CUST1821,3,112072.0,19179.82,3
CUST1822,4,14398.0,2644.41,3
CUST1823,6,224022.5,38170.64,2
CUST1824,7,181516.5,30662.84,2
CUST1825,2,78262.0,12470.42,3
CUST1826,6,183308.0,30274.829999999998,2
CUST1827,4,280030.5,46755.7,2
CUST1828,2,17116.0,2775.2,3
CUST1829,7,160781.5,24458.760000000002,2
CUST1830,4,43799.0,8625.93,3
CUST1831,8,131798.5,21271.600000000002,1
CUST1832,3,173841.5,28864.88,1
CUST1833,4,88246.0,15440.970000000001,1
CUST1834,5,122522.0,20048.24,1
CUST1835,4,36000.0,6363.8099999999995,3
CUST1836,7,186598.0,30822.6,2
CUST1837,7,112221.0,17947.71,1
CUST1838,6,262745.5,45141.72,2
CUST1839,3,145459.0,24401.54,1
CUST1840,4,21194.0,4204.59,3
CUST1841,3,37216.0,6368.5599999999995,3
CUST1842,8,335769.0,57198.4,0
CUST1843,4,118047.5,16858.5,1
CUST1844,2,15521.0,2637.64,3
CUST1845,8,306306.0,49737.04,0
CUST1846,5,64566.5,10236.19,1
CUST1847,7,237308.0,41145.119999999995,2
CUST1848,7,129024.5,21581.86,1
CUST1849,5,89719.0,14908.08,1
CUST1850,8,82790.5,13835.0,1
CUST1851,5,50556.0,8476.67,1
CUST1852,7,169516.5,25896.96,2
CUST1853,7,172499.0,27071.79,2
CUST1854,6,197984.5,34257.46,2
CUST1855,7,119059.5,17924.25,1
CUST1856,5,95776.0,15033.64,1
CUST1857,4,203765.0,33848.28,2
CUST1858,4,81719.0,12164.539999999999,3
CUST1859,1,44838.0,8070.84,3
CUST1860,5,105785.5,17066.81,1
CUST1861,3,316700.5,55580.18,0
CUST1862,7,80822.5,12902.1,1
CUST1863,3,36418.0,6186.2,3
CUST1864,5,191466.5,33483.130000000005,2
CUST1865,4,53704.0,8231.58,3
CUST1866,2,93019.0,15442.560000000001,3
CUST1867,6,293299.0,49648.7,2
CUST1868,5,90551.0,14647.84,1
CUST1869,3,25490.5,4576.38,3
CUST1870,2,24030.0,3873.15,3
CUST1871,3,20292.0,3865.5,3
CUST1873,6,127301.0,20029.97,1
CUST1874,6,153693.0,24816.45,1
CUST1875,6,157771.0,28065.27,1
CUST1876,4,120151.0,19834.06,1
CUST1877,2,63693.0,9773.189999999999,3
CUST1878,10,284905.0,47598.49,2
CUST1879,3,33900.0,5788.74,3
CUST1880,8,226090.5,39392.16,2
CUST1881,5,22144.5,4676.47,3
CUST1882,5,305805.0,54628.89000000001,0
CUST1883,8,272407.5,44215.81,2
CUST1884,6,68406.0,11918.7,1
CUST1885,4,167433.0,29729.18,1
CUST1886,6,148815.0,23898.05,1
CUST1887,6,238812.5,37203.66,2
CUST1888,3,140974.0,24522.019999999997,1
CUST1889,6,235372.5,35199.880000000005,2
CUST1890,8,363352.0,61950.13,0
CUST1891,4,109428.0,17801.42,1
CUST1892,4,186410.0,33090.0,1
CUST1893,3,95663.0,14203.150000000001,3
CUST1894,5,89421.0,14932.98,1
CUST1895,5,56372.5,9465.26,1
CUST1896,12,274091.0,42812.41,2
CUST1897,2,12339.0,2209.95,3
CUST1898,6,54824.5,9862.42,1
CUST1899,4,139291.0,23987.68,1
CUST1900,8,187769.0,31355.489999999998,2
CUST1901,7,283792.0,45688.88,2
CUST1902,6,202048.0,31001.48,2
CUST1903,5,59626.5,10891.369999999999,1
CUST1904,3,263017.5,47377.170000000006,2
CUST1905,3,20431.5,3334.05,3
CUST1906,4,50166.0,7651.9,3
CUST1907,4,129986.0,22068.88,1
CUST1908,12,265207.5,44813.939999999995,2
CUST1909,4,15202.5,3264.7200000000003,3
CUST1910,3,17119.0,2791.21,3
CUST1911,8,166088.0,26144.94,2
CUST1912,6,153349.0,24800.41,1
CUST1913,8,120865.5,19084.29,1
CUST1914,3,149473.0,24931.800000000003,1
CUST1915,2,9359.0,1923.3999999999999,3
CUST1916,5,248963.5,44348.14,2
CUST1917,3,81863.0,12804.150000000001,3
CUST1918,5,223685.0,35628.42,2
CUST1919,6,79312.0,14216.18,1
CUST1920,6,116481.5,18596.760000000002,1
CUST1921,3,166445.0,29997.0,1
CUST1922,7,260704.0,43876.060000000005,2
CUST1923,6,178588.0,30115.88,2
CUST1924,6,423122.5,74685.81,0
CUST1925,3,47022.5,7519.4,3
CUST1926,5,156687.0,24771.57,1
CUST1927,7,256617.0,42722.41,2
CUST1928,4,105210.0,19128.420000000002,1
CUST1929,3,182400.0,29614.82,1
CUST1930,3,26007.5,4051.74,3
CUST1931,9,226195.0,35707.659999999996,2
CUST1932,1,2185.0,437.0,3
CUST1933,5,187041.5,32652.87,2
CUST1934,8,196672.0,32128.95,2
CUST1935,2,120577.0,21035.16,3
CUST1936,12,404200.0,71692.13,0
CUST1937,6,240919.0,37497.479999999996,2
CUST1938,11,245072.0,43329.03,2
CUST1939,2,47798.0,6880.9,3
CUST1940,2,162141.0,28542.51,1
CUST1941,5,104378.0,15661.26,1
CUST1942,4,34528.0,5468.01,3
CUST1943,4,150944.0,26035.0,1
CUST1944,9,460751.0,79841.7,0
CUST1945,5,59025.0,9803.28,1
CUST1946,8,148188.0,25404.53,2
CUST1947,4,41893.5,6810.17,3
CUST1948,6,127755.0,20007.95,1
CUST1949,4,111596.0,17882.59,1
CUST1950,1,14330.0,2006.2,3
CUST1951,2,24806.0,3597.48,3
CUST1952,8,180842.0,30263.75,2
CUST1953,5,125186.5,20206.33,1
CUST1954,6,171611.5,28912.09,2
CUST1955,3,126958.0,22321.02,1
CUST1956,3,83287.5,13786.41,3
CUST1957,4,106006.0,17264.24,1
CUST1958,3,80009.5,12746.68,3
CUST1959,14,365438.0,57684.96,0
CUST1960,2,106778.0,19034.28,3
CUST1961,5,120357.0,17630.64,1
CUST1962,8,363713.0,61274.0,0
CUST1963,6,225092.0,35313.8,2
CUST1964,1,4300.0,860.0,3
CUST1965,6,107047.0,18708.620000000003,1
CUST1966,6,165828.0,27357.84,1
CUST1967,6,97579.0,15829.59,1
CUST1968,6,204859.0,36429.43,2
CUST1969,3,112138.0,16982.2,3
CUST1970,1,50660.0,8105.6,3
CUST1971,10,263916.5,46808.96,2
CUST1972,4,102382.5,16026.77,1
CUST1973,5,149899.0,25124.58,1
CUST1974,7,223877.5,35995.920000000006,2
CUST1975,4,92825.0,16417.239999999998,1
CUST1976,1,8082.0,1373.94,3
CUST1977,3,70053.5,12753.449999999999,3
CUST1978,2,27440.0,4632.4,3
CUST1979,2,61540.0,10255.6,3
CUST1980,7,39851.5,6945.71,1
CUST1981,6,249901.0,41393.69,2
CUST1982,5,91479.5,14365.73,1
CUST1983,3,84017.0,11818.230000000001,3
CUST1984,7,74720.0,12711.94,1
CUST1985,5,110674.0,18458.9,1
CUST1986,2,77707.5,12510.240000000002,3
CUST1987,8,122651.0,18551.49,1
CUST1988,6,252953.0,44798.36,2
CUST1989,5,183136.5,29602.78,1
CUST1990,6,158159.5,24772.04,1
CUST1991,4,116710.5,20544.510000000002,1
CUST1992,8,185912.5,28563.72,2
CUST1993,6,124321.0,18898.92,1
CUST1994,3,111673.0,19494.47,3
CUST1995,5,62151.0,10640.47,1
CUST1996,5,218506.0,37712.340000000004,2
CUST1997,3,35521.0,6162.5599999999995,3
CUST1998,6,93577.0,13976.68,1
CUST2000,8,172515.0,26027.43,2
